{
  "v": "5.9.6",
  "fr": 25,
  "ip": 0,
  "op": 175,
  "w": 1440,
  "h": 950,
  "nm": "Comp 1",
  "ddd": 0,
  "assets": [
    {
      "id": "image_0",
      "w": 414,
      "h": 140,
      "u": "images/",
      "p": "img_0_a.png",
      "e": 0
    },
    {
      "id": "image_1",
      "w": 375,
      "h": 140,
      "u": "images/",
      "p": "img_1_a.png",
      "e": 0
    },
    {
      "id": "image_2",
      "w": 115,
      "h": 140,
      "u": "images/",
      "p": "img_2_a.png",
      "e": 0
    },
    {
      "id": "image_3",
      "w": 194,
      "h": 288,
      "u": "images/",
      "p": "img_3_a.png",
      "e": 0
    },
    {
      "id": "image_4",
      "w": 194,
      "h": 275,
      "u": "images/",
      "p": "img_4_a.png",
      "e": 0
    }
  ],
  "layers": [
    {
      "ddd": 0,
      "ind": 1,
      "ty": 4,
      "nm": "emily mouth",
      "sr": 1,
      "ks": {
        "o": {
          "a": 1,
          "k": [
            {
              "i": { "x": [0.667], "y": [1] },
              "o": { "x": [0.333], "y": [0] },
              "t": 36,
              "s": [0]
            },
            { "t": 37, "s": [100] }
          ],
          "ix": 11
        },
        "r": { "a": 0, "k": 0, "ix": 10 },
        "p": { "a": 0, "k": [1173.25, 452.25, 0], "ix": 2, "l": 2 },
        "a": { "a": 0, "k": [-456.638, -37.567, 0], "ix": 1, "l": 2 },
        "s": {
          "a": 1,
          "k": [
            {
              "i": { "x": [0.667, 0.667, 0.667], "y": [1, 1, 1] },
              "o": { "x": [0.333, 0.333, 0.333], "y": [0, 0, 0] },
              "t": 37,
              "s": [116, 19.718, 100]
            },
            {
              "i": { "x": [0.833, 0.833, 0.833], "y": [1, 1, 1] },
              "o": { "x": [0.333, 0.333, 0.333], "y": [0, 0, 0] },
              "t": 41,
              "s": [116, 109.94, 100]
            },
            {
              "i": { "x": [0.833, 0.833, 0.833], "y": [1, 1, 1] },
              "o": { "x": [0.167, 0.167, 0.167], "y": [0, 0, 0] },
              "t": 46,
              "s": [116, 64.829, 100]
            },
            {
              "i": { "x": [0.833, 0.833, 0.833], "y": [1, 1, 1] },
              "o": { "x": [0.167, 0.167, 0.167], "y": [0, 0, 0] },
              "t": 51,
              "s": [116, 119.607, 100]
            },
            { "t": 55, "s": [116, 54.088, 100] }
          ],
          "ix": 6,
          "l": 2
        }
      },
      "ao": 0,
      "shapes": [
        {
          "ty": "gr",
          "it": [
            {
              "d": 1,
              "ty": "el",
              "s": { "a": 0, "k": [9.381, 12.676], "ix": 2 },
              "p": { "a": 0, "k": [0, 0], "ix": 3 },
              "nm": "Ellipse Path 1",
              "mn": "ADBE Vector Shape - Ellipse",
              "hd": false
            },
            {
              "ty": "st",
              "c": {
                "a": 0,
                "k": [0.16470600203, 0.16470600203, 0.16470600203, 1],
                "ix": 3
              },
              "o": { "a": 0, "k": 100, "ix": 4 },
              "w": { "a": 0, "k": 0, "ix": 5 },
              "lc": 1,
              "lj": 1,
              "ml": 4,
              "bm": 0,
              "nm": "Stroke 1",
              "mn": "ADBE Vector Graphic - Stroke",
              "hd": false
            },
            {
              "ty": "fl",
              "c": {
                "a": 0,
                "k": [0.133333333333, 0.133333333333, 0.133333333333, 1],
                "ix": 4
              },
              "o": { "a": 0, "k": 100, "ix": 5 },
              "r": 1,
              "bm": 0,
              "nm": "Fill 1",
              "mn": "ADBE Vector Graphic - Fill",
              "hd": false
            },
            {
              "ty": "tr",
              "p": { "a": 0, "k": [-456.809, -37.662], "ix": 2 },
              "a": { "a": 0, "k": [0, 0], "ix": 1 },
              "s": { "a": 0, "k": [100, 100], "ix": 3 },
              "r": { "a": 0, "k": 0, "ix": 6 },
              "o": { "a": 0, "k": 100, "ix": 7 },
              "sk": { "a": 0, "k": 0, "ix": 4 },
              "sa": { "a": 0, "k": 0, "ix": 5 },
              "nm": "Transform"
            }
          ],
          "nm": "Ellipse 1",
          "np": 3,
          "cix": 2,
          "bm": 0,
          "ix": 1,
          "mn": "ADBE Vector Group",
          "hd": false
        }
      ],
      "ip": 0,
      "op": 175,
      "st": 0,
      "ct": 1,
      "bm": 0
    },
    {
      "ddd": 0,
      "ind": 2,
      "ty": 4,
      "nm": "minji mouth",
      "sr": 1,
      "ks": {
        "o": {
          "a": 1,
          "k": [
            {
              "i": { "x": [0.667], "y": [1] },
              "o": { "x": [0.333], "y": [0] },
              "t": 2,
              "s": [0]
            },
            { "t": 3, "s": [100] }
          ],
          "ix": 11
        },
        "r": { "a": 0, "k": 0, "ix": 10 },
        "p": { "a": 0, "k": [263.25, 436.25, 0], "ix": 2, "l": 2 },
        "a": { "a": 0, "k": [-456.638, -37.567, 0], "ix": 1, "l": 2 },
        "s": {
          "a": 1,
          "k": [
            {
              "i": { "x": [0.667, 0.667, 0.667], "y": [1, 1, 1] },
              "o": { "x": [0.333, 0.333, 0.333], "y": [0, 0, 0] },
              "t": 3,
              "s": [116, 19.718, 100]
            },
            {
              "i": { "x": [0.833, 0.833, 0.833], "y": [1, 1, 1] },
              "o": { "x": [0.333, 0.333, 0.333], "y": [0, 0, 0] },
              "t": 7,
              "s": [116, 109.94, 100]
            },
            {
              "i": { "x": [0.833, 0.833, 0.833], "y": [1, 1, 1] },
              "o": { "x": [0.167, 0.167, 0.167], "y": [0, 0, 0] },
              "t": 12,
              "s": [116, 64.829, 100]
            },
            {
              "i": { "x": [0.833, 0.833, 0.833], "y": [1, 1, 1] },
              "o": { "x": [0.167, 0.167, 0.167], "y": [0, 0, 0] },
              "t": 17,
              "s": [116, 119.607, 100]
            },
            { "t": 21, "s": [116, 54.088, 100] }
          ],
          "ix": 6,
          "l": 2
        }
      },
      "ao": 0,
      "shapes": [
        {
          "ty": "gr",
          "it": [
            {
              "d": 1,
              "ty": "el",
              "s": { "a": 0, "k": [9.381, 12.676], "ix": 2 },
              "p": { "a": 0, "k": [0, 0], "ix": 3 },
              "nm": "Ellipse Path 1",
              "mn": "ADBE Vector Shape - Ellipse",
              "hd": false
            },
            {
              "ty": "st",
              "c": {
                "a": 0,
                "k": [0.16470600203, 0.16470600203, 0.16470600203, 1],
                "ix": 3
              },
              "o": { "a": 0, "k": 100, "ix": 4 },
              "w": { "a": 0, "k": 0, "ix": 5 },
              "lc": 1,
              "lj": 1,
              "ml": 4,
              "bm": 0,
              "nm": "Stroke 1",
              "mn": "ADBE Vector Graphic - Stroke",
              "hd": false
            },
            {
              "ty": "fl",
              "c": {
                "a": 0,
                "k": [0.133333333333, 0.133333333333, 0.133333333333, 1],
                "ix": 4
              },
              "o": { "a": 0, "k": 100, "ix": 5 },
              "r": 1,
              "bm": 0,
              "nm": "Fill 1",
              "mn": "ADBE Vector Graphic - Fill",
              "hd": false
            },
            {
              "ty": "tr",
              "p": { "a": 0, "k": [-456.809, -37.662], "ix": 2 },
              "a": { "a": 0, "k": [0, 0], "ix": 1 },
              "s": { "a": 0, "k": [100, 100], "ix": 3 },
              "r": { "a": 0, "k": 0, "ix": 6 },
              "o": { "a": 0, "k": 100, "ix": 7 },
              "sk": { "a": 0, "k": 0, "ix": 4 },
              "sa": { "a": 0, "k": 0, "ix": 5 },
              "nm": "Transform"
            }
          ],
          "nm": "Ellipse 1",
          "np": 3,
          "cix": 2,
          "bm": 0,
          "ix": 1,
          "mn": "ADBE Vector Group",
          "hd": false
        }
      ],
      "ip": 0,
      "op": 175,
      "st": 0,
      "ct": 1,
      "bm": 0
    },
    {
      "ddd": 0,
      "ind": 3,
      "ty": 2,
      "nm": "저녁은 뭐",
      "refId": "image_0",
      "sr": 1,
      "ks": {
        "o": {
          "a": 1,
          "k": [
            {
              "i": { "x": [0.667], "y": [1] },
              "o": { "x": [0.333], "y": [0] },
              "t": 3,
              "s": [0]
            },
            { "t": 5, "s": [100] }
          ],
          "ix": 11
        },
        "r": { "a": 0, "k": 0, "ix": 10 },
        "p": {
          "a": 1,
          "k": [
            {
              "i": { "x": 0.667, "y": 1 },
              "o": { "x": 0.333, "y": 0 },
              "t": 4,
              "s": [656, 327, 0],
              "to": [0, -3.667, 0],
              "ti": [0, 1.167, 0]
            },
            {
              "i": { "x": 0.667, "y": 1 },
              "o": { "x": 0.167, "y": 0 },
              "t": 11,
              "s": [656, 305, 0],
              "to": [0, -1.167, 0],
              "ti": [0, -1.333, 0]
            },
            {
              "i": { "x": 0.667, "y": 1 },
              "o": { "x": 0.167, "y": 0 },
              "t": 16,
              "s": [656, 320, 0],
              "to": [0, 1.333, 0],
              "ti": [0, 1.167, 0]
            },
            { "t": 18, "s": [656, 313, 0] }
          ],
          "ix": 2,
          "l": 2
        },
        "a": { "a": 0, "k": [207, 70, 0], "ix": 1, "l": 2 },
        "s": { "a": 0, "k": [85.125, 85.125, 100], "ix": 6, "l": 2 }
      },
      "ao": 0,
      "ip": 0,
      "op": 175,
      "st": 0,
      "bm": 0
    },
    {
      "ddd": 0,
      "ind": 4,
      "ty": 2,
      "nm": "캐란후라이",
      "refId": "image_1",
      "sr": 1,
      "ks": {
        "o": {
          "a": 1,
          "k": [
            {
              "i": { "x": [0.833], "y": [1] },
              "o": { "x": [0.333], "y": [0] },
              "t": 40,
              "s": [0]
            },
            { "t": 42, "s": [100] }
          ],
          "ix": 11
        },
        "r": { "a": 0, "k": 0, "ix": 10 },
        "p": {
          "a": 1,
          "k": [
            {
              "i": { "x": 0.667, "y": 1 },
              "o": { "x": 0.333, "y": 0 },
              "t": 42,
              "s": [810, 479, 0],
              "to": [0, -1.667, 0],
              "ti": [0, -0.333, 0]
            },
            {
              "i": { "x": 0.667, "y": 1 },
              "o": { "x": 0.167, "y": 0 },
              "t": 49,
              "s": [810, 469, 0],
              "to": [0, 0.333, 0],
              "ti": [0, -0.5, 0]
            },
            {
              "i": { "x": 0.667, "y": 1 },
              "o": { "x": 0.167, "y": 0 },
              "t": 56,
              "s": [810, 481, 0],
              "to": [0, 0.5, 0],
              "ti": [0, 1.5, 0]
            },
            { "t": 59, "s": [810, 472, 0] }
          ],
          "ix": 2,
          "l": 2
        },
        "a": { "a": 0, "k": [187.5, 70, 0], "ix": 1, "l": 2 },
        "s": { "a": 0, "k": [81.261, 81.261, 100], "ix": 6, "l": 2 }
      },
      "ao": 0,
      "ip": 0,
      "op": 175,
      "st": 0,
      "bm": 0
    },
    {
      "ddd": 0,
      "ind": 5,
      "ty": 2,
      "nm": "?",
      "refId": "image_2",
      "sr": 1,
      "ks": {
        "o": {
          "a": 1,
          "k": [
            {
              "i": { "x": [0.833], "y": [1] },
              "o": { "x": [0.333], "y": [0] },
              "t": 84,
              "s": [0]
            },
            { "t": 87, "s": [100] }
          ],
          "ix": 11
        },
        "r": { "a": 0, "k": 0, "ix": 10 },
        "p": {
          "a": 1,
          "k": [
            {
              "i": { "x": 0.833, "y": 1 },
              "o": { "x": 0.167, "y": 0 },
              "t": 86,
              "s": [504, 629, 0],
              "to": [0, -2.5, 0],
              "ti": [0, 0.667, 0]
            },
            {
              "i": { "x": 0.833, "y": 1 },
              "o": { "x": 0.167, "y": 0 },
              "t": 93,
              "s": [504, 614, 0],
              "to": [0, -0.667, 0],
              "ti": [0, -2.167, 0]
            },
            {
              "i": { "x": 0.833, "y": 1 },
              "o": { "x": 0.167, "y": 0 },
              "t": 97,
              "s": [504, 625, 0],
              "to": [0, 2.167, 0],
              "ti": [0, -0.333, 0]
            },
            { "t": 101, "s": [504, 627, 0] }
          ],
          "ix": 2,
          "l": 2
        },
        "a": { "a": 0, "k": [57.5, 70, 0], "ix": 1, "l": 2 },
        "s": { "a": 0, "k": [77.907, 77.907, 100], "ix": 6, "l": 2 }
      },
      "ao": 0,
      "ip": 0,
      "op": 175,
      "st": 0,
      "bm": 0
    },
    {
      "ddd": 0,
      "ind": 6,
      "ty": 2,
      "nm": "minji",
      "refId": "image_3",
      "sr": 1,
      "ks": {
        "o": { "a": 0, "k": 100, "ix": 11 },
        "r": { "a": 0, "k": 0, "ix": 10 },
        "p": { "a": 0, "k": [234, 477, 0], "ix": 2, "l": 2 },
        "a": { "a": 0, "k": [97, 144, 0], "ix": 1, "l": 2 },
        "s": { "a": 0, "k": [103.899, 103.899, 100], "ix": 6, "l": 2 }
      },
      "ao": 0,
      "ip": 0,
      "op": 175,
      "st": 0,
      "bm": 0
    },
    {
      "ddd": 0,
      "ind": 7,
      "ty": 2,
      "nm": "emily",
      "refId": "image_4",
      "sr": 1,
      "ks": {
        "o": { "a": 0, "k": 100, "ix": 11 },
        "r": { "a": 0, "k": 0, "ix": 10 },
        "p": { "a": 0, "k": [1212, 477, 0], "ix": 2, "l": 2 },
        "a": { "a": 0, "k": [97, 137.5, 0], "ix": 1, "l": 2 },
        "s": { "a": 0, "k": [95.652, 95.652, 100], "ix": 6, "l": 2 }
      },
      "ao": 0,
      "ip": 0,
      "op": 175,
      "st": 0,
      "bm": 0
    }
  ],
  "markers": []
}
