{"v":"5.9.6","fr":25,"ip":0,"op":75,"w":547,"h":307,"nm":"moa_logo_motion","ddd":0,"assets":[{"id":"image_0","w":120,"h":120,"u":"images/","p":"img_0.png","e":0},{"id":"image_1","w":128,"h":128,"u":"images/","p":"img_1.png","e":0},{"id":"image_2","w":140,"h":124,"u":"images/","p":"img_2.png","e":0},{"id":"image_3","w":158,"h":155,"u":"images/","p":"img_3.png","e":0},{"id":"image_4","w":162,"h":164,"u":"images/","p":"img_4.png","e":0},{"id":"image_5","w":147,"h":155,"u":"images/","p":"img_5.png","e":0}],"layers":[{"ddd":0,"ind":1,"ty":2,"nm":"MO.png","cl":"png","refId":"image_0","sr":1,"ks":{"o":{"a":0,"k":100,"ix":11},"r":{"a":0,"k":0,"ix":10},"p":{"a":1,"k":[{"i":{"x":0.667,"y":1},"o":{"x":0.333,"y":0},"t":8,"s":[173.5,244.5,0],"to":[0.833,-18.833,0],"ti":[-0.833,18.833,0]},{"i":{"x":0.667,"y":0.667},"o":{"x":0.167,"y":0.167},"t":17,"s":[178.5,131.5,0],"to":[0,0,0],"ti":[0,0,0]},{"i":{"x":0.667,"y":1},"o":{"x":0.167,"y":0},"t":18,"s":[178.5,131.5,0],"to":[0,-4.568,0],"ti":[0,0.062,0]},{"i":{"x":0.667,"y":1},"o":{"x":0.167,"y":0},"t":22,"s":[178.5,104.089,0],"to":[0,-0.062,0],"ti":[0,-4.507,0]},{"t":27,"s":[178.5,131.129,0]}],"ix":2,"l":2},"a":{"a":0,"k":[60,60,0],"ix":1,"l":2},"s":{"a":1,"k":[{"i":{"x":[0.667,0.667,0.667],"y":[1,1,1]},"o":{"x":[0.167,0.167,0.167],"y":[0,0,0]},"t":8,"s":[80,80,100]},{"i":{"x":[0.833,0.833,0.833],"y":[1,1,1]},"o":{"x":[0.333,0.333,0.333],"y":[0,0,0]},"t":14,"s":[80,80,100]},{"t":17,"s":[26,26,100]}],"ix":6,"l":2}},"ao":0,"ip":0,"op":75,"st":0,"bm":0},{"ddd":0,"ind":2,"ty":2,"nm":"OG.png","cl":"png","refId":"image_1","sr":1,"ks":{"o":{"a":0,"k":100,"ix":11},"r":{"a":0,"k":0,"ix":10},"p":{"a":1,"k":[{"i":{"x":0.667,"y":1},"o":{"x":0.333,"y":0},"t":8,"s":[281.5,244.5,0],"to":[0,-18.833,0],"ti":[0,18.833,0]},{"i":{"x":0.667,"y":0.667},"o":{"x":0.167,"y":0.167},"t":17,"s":[281.5,131.5,0],"to":[0,0,0],"ti":[0,0,0]},{"i":{"x":0.667,"y":1},"o":{"x":0.167,"y":0},"t":25,"s":[281.5,131.5,0],"to":[0,-3.426,0],"ti":[0,3.426,0]},{"i":{"x":0.667,"y":1},"o":{"x":0.167,"y":0},"t":29,"s":[281.5,110.942,0],"to":[0,-3.426,0],"ti":[0,0,0]},{"t":33,"s":[281.5,132.871,0]}],"ix":2,"l":2},"a":{"a":0,"k":[64,64,0],"ix":1,"l":2},"s":{"a":1,"k":[{"i":{"x":[0.667,0.667,0.667],"y":[1,1,1]},"o":{"x":[0.167,0.167,0.167],"y":[0,0,0]},"t":8,"s":[80,80,100]},{"i":{"x":[0.833,0.833,0.833],"y":[1,1,1]},"o":{"x":[0.333,0.333,0.333],"y":[0,0,0]},"t":14,"s":[80,80,100]},{"t":17,"s":[26,26,100]}],"ix":6,"l":2}},"ao":0,"ip":0,"op":75,"st":0,"bm":0},{"ddd":0,"ind":3,"ty":2,"nm":"AY.png","cl":"png","refId":"image_2","sr":1,"ks":{"o":{"a":0,"k":100,"ix":11},"r":{"a":0,"k":0,"ix":10},"p":{"a":1,"k":[{"i":{"x":0.667,"y":1},"o":{"x":0.333,"y":0},"t":8,"s":[379.5,244.5,0],"to":[-0.667,-18.833,0],"ti":[0.667,18.833,0]},{"i":{"x":0.667,"y":0.667},"o":{"x":0.167,"y":0.167},"t":17,"s":[375.5,131.5,0],"to":[0,0,0],"ti":[0,0,0]},{"i":{"x":0.667,"y":1},"o":{"x":0.167,"y":0},"t":30,"s":[375.5,131.5,0],"to":[0,-3.883,0],"ti":[0,-0.343,0]},{"i":{"x":0.667,"y":1},"o":{"x":0.167,"y":0},"t":34,"s":[375.5,108.201,0],"to":[0,0.343,0],"ti":[0,-4.226,0]},{"t":39,"s":[375.5,133.556,0]}],"ix":2,"l":2},"a":{"a":0,"k":[70,62,0],"ix":1,"l":2},"s":{"a":1,"k":[{"i":{"x":[0.667,0.667,0.667],"y":[1,1,1]},"o":{"x":[0.167,0.167,0.167],"y":[0,0,0]},"t":8,"s":[80,80,100]},{"i":{"x":[0.833,0.833,0.833],"y":[1,1,1]},"o":{"x":[0.333,0.333,0.333],"y":[0,0,0]},"t":14,"s":[80,80,100]},{"t":17,"s":[26,26,100]}],"ix":6,"l":2}},"ao":0,"ip":0,"op":75,"st":0,"bm":0},{"ddd":0,"ind":4,"ty":2,"nm":"M_orange.png","cl":"png","refId":"image_3","sr":1,"ks":{"o":{"a":1,"k":[{"i":{"x":[0.667],"y":[1]},"o":{"x":[0.333],"y":[0]},"t":8,"s":[0]},{"t":15,"s":[100]}],"ix":11},"r":{"a":0,"k":0,"ix":10},"p":{"a":0,"k":[175.5,216.5,0],"ix":2,"l":2},"a":{"a":0,"k":[79,77.5,0],"ix":1,"l":2},"s":{"a":0,"k":[60,60,100],"ix":6,"l":2}},"ao":0,"ip":0,"op":75,"st":0,"bm":0},{"ddd":0,"ind":5,"ty":2,"nm":"O_green.png","cl":"png","refId":"image_4","sr":1,"ks":{"o":{"a":1,"k":[{"i":{"x":[0.667],"y":[1]},"o":{"x":[0.333],"y":[0]},"t":8,"s":[0]},{"t":15,"s":[100]}],"ix":11},"r":{"a":0,"k":0,"ix":10},"p":{"a":0,"k":[280.5,216.5,0],"ix":2,"l":2},"a":{"a":0,"k":[81,82,0],"ix":1,"l":2},"s":{"a":0,"k":[60,60,100],"ix":6,"l":2}},"ao":0,"ip":0,"op":75,"st":0,"bm":0},{"ddd":0,"ind":6,"ty":2,"nm":"A_yellow.png","cl":"png","refId":"image_5","sr":1,"ks":{"o":{"a":1,"k":[{"i":{"x":[0.667],"y":[1]},"o":{"x":[0.333],"y":[0]},"t":8,"s":[0]},{"t":15,"s":[100]}],"ix":11},"r":{"a":0,"k":0,"ix":10},"p":{"a":0,"k":[375.5,216.5,0],"ix":2,"l":2},"a":{"a":0,"k":[73.5,77.5,0],"ix":1,"l":2},"s":{"a":0,"k":[60,60,100],"ix":6,"l":2}},"ao":0,"ip":0,"op":75,"st":0,"bm":0}],"markers":[]}